{
  "num_devices": [
    20,
    30,
    40,
    50
  ],
  "r_scheme": {
    "uav_energy": [
      32325.45645256397,
      40822.484700199275,
      44135.45402794788,
      46492.08900470241
    ],
    "hover_energy": [
      3268.0898175247225,
      4665.308775283698,
      6524.1580322681875,
      9425.580396050878
    ],
    "flight_energy": [
      29057.366635039245,
      36157.17592491557,
      37611.29599567969,
      37066.50860865153
    ],
    "flight_distance": [
      2421.4472195866038,
      3013.0979937429643,
      3134.2746663066414,
      3088.875717387628
    ],
    "hover_time": [
      40.85112271905904,
      58.31635969104622,
      81.55197540335234,
      117.81975495063598
    ],
    "runtime": [
      0.02555672327677409,
      0.048090060551961265,
      0.06418895721435547,
      0.09022895495096843
    ]
  },
  "f_scheme": {
    "uav_energy": [
      35572.26771946645,
      38976.70243363291,
      46244.621350515976,
      51741.772632482236
    ],
    "hover_energy": [
      234.14973425689791,
      323.31699772425463,
      406.67300880898773,
      509.24656064693005
    ],
    "flight_energy": [
      35338.11798520956,
      38653.38543590865,
      45837.94834170698,
      51232.52607183531
    ],
    "flight_distance": [
      2944.8431654341293,
      3221.1154529923874,
      3819.829028475582,
      4269.377172652943
    ],
    "hover_time": [
      2.9268716782112243,
      4.041462471553182,
      5.0834126101123465,
      6.365582008086625
    ],
    "runtime": [
      0.0007441043853759766,
      0.001914660135904948,
      0.0029674371083577475,
      0.004958947499593099
    ]
  },
  "p0": {
    "uav_energy": [
      33090.28652072904,
      42350.1103312936,
      44193.46129638111,
      49747.897894361005
    ],
    "hover_energy": [
      2460.3111191196176,
      3381.0444317931383,
      4426.79371709677,
      5292.772503257624
    ],
    "flight_energy": [
      30630.18769735697,
      38969.45436067395,
      39767.05737821354,
      44455.551086775864
    ],
    "flight_distance": [
      2552.515641446414,
      3247.4545300561626,
      3313.9214481844615,
      3704.6292572313214
    ],
    "hover_time": [
      30.753888988995218,
      42.26305539741423,
      55.33492146370961,
      66.15965629072029
    ],
    "runtime": [
      0.021037499109903973,
      0.03090190887451172,
      0.04497257868448893,
      0.053545236587524414
    ]
  },
  "p1": {
    "uav_energy": [
      31902.3834438249,
      38444.08028999137,
      37667.53274733811,
      38789.88090932767
    ],
    "hover_energy": [
      2082.360040390115,
      2871.2940924676313,
      3836.8485056285585,
      4531.191267238834
    ],
    "flight_energy": [
      29820.23569918233,
      35573.17465869723,
      33831.074040638756,
      34259.115337761315
    ],
    "flight_distance": [
      2485.019641598528,
      2964.4312215581026,
      2819.2561700532297,
      2854.9262781467755
    ],
    "hover_time": [
      26.029500504876438,
      35.891176155845386,
      47.96060632035698,
      56.63989084048543
    ],
    "runtime": [
      0.43480920791625977,
      0.5944620768229166,
      0.8702514171600342,
      1.0183928807576497
    ]
  }
}