{
  "num_devices": [
    20,
    30,
    40,
    50
  ],
  "r_scheme": {
    "uav_energy": [
      32325.48286451433,
      40822.40046454439,
      44135.563713971314,
      46490.875496910805
    ],
    "hover_energy": [
      3268.089763395755,
      4665.308784578089,
      6524.158033531569,
      9425.58046173812
    ],
    "flight_energy": [
      29057.39310111858,
      36157.0916799663,
      37611.40568043974,
      37065.2950351727
    ],
    "flight_distance": [
      2421.4494250932153,
      3013.090973330525,
      3134.2838067033117,
      3088.774586264391
    ],
    "hover_time": [
      40.85112204244694,
      58.316359807226114,
      81.55197541914463,
      117.81975577172649
    ],
    "runtime": [
      0.03082450230916341,
      0.051750500996907554,
      0.08051848411560059,
      0.10453367233276367
    ]
  },
  "f_scheme": {
    "uav_energy": [
      35572.26771946645,
      38976.70243363291,
      46244.621350515976,
      51741.77263248225
    ],
    "hover_energy": [
      234.14973425689791,
      323.31699772425463,
      406.67300880898773,
      509.24656064693005
    ],
    "flight_energy": [
      35338.11798520956,
      38653.38543590865,
      45837.94834170698,
      51232.52607183532
    ],
    "flight_distance": [
      2944.8431654341293,
      3221.1154529923874,
      3819.829028475582,
      4269.377172652943
    ],
    "hover_time": [
      2.9268716782112243,
      4.041462471553182,
      5.0834126101123465,
      6.365582008086625
    ],
    "runtime": [
      0.0009464422861735026,
      0.0018337567647298176,
      0.003076314926147461,
      0.0045655568440755205
    ]
  },
  "p0": {
    "uav_energy": [
      33090.17396968779,
      42350.20322036658,
      44193.62208523374,
      49747.92637708006
    ],
    "hover_energy": [
      2460.310691710707,
      3381.0444157524457,
      4426.793747785505,
      5292.772463009133
    ],
    "flight_energy": [
      30630.075573724633,
      38969.54726578763,
      39767.218136377436,
      44455.5796097434
    ],
    "flight_distance": [
      2552.506297810386,
      3247.4622721489686,
      3313.9348446981203,
      3704.6316341452825
    ],
    "hover_time": [
      30.753883646383837,
      42.26305519690557,
      55.33492184731881,
      66.15965578761417
    ],
    "runtime": [
      0.025513648986816406,
      0.03422427177429199,
      0.04810396830240885,
      0.061063925425211586
    ]
  },
  "p1": {
    "uav_energy": [
      31902.456723101088,
      38444.19043724614,
      37667.47984452181,
      38789.839469162085
    ],
    "hover_energy": [
      2082.3600922281435,
      2871.2940345880174,
      3836.8485177180355,
      4531.191501120516
    ],
    "flight_energy": [
      29820.30892662049,
      35573.28486383161,
      33831.02112573297,
      34259.07366371405
    ],
    "flight_distance": [
      2485.025743885041,
      2964.4404053193007,
      2819.2517604777477,
      2854.9228053095044
    ],
    "hover_time": [
      26.029501152851793,
      35.89117543235022,
      47.960606471475444,
      56.63989376400644
    ],
    "runtime": [
      0.5315340360005697,
      0.7070565223693848,
      1.04937744140625,
      1.188936471939087
    ]
  }
}